restaurantID,name,location,reviewcount,rating,categories,address,Hours,GoodforKids,AcceptsCreditCards,Parking,Attire,GoodforGroups,PriceRange,TakesReservations,Delivery,Takeout,WaiterService,OutdoorSeating,WiFi,GoodFor,Alcohol,NoiseLevel,Ambience,HasTV,Caters,WheelchairAccessible,webSite,phoneNumber
6WE3zP14Azd0xM6Hk7C8Pw,Farmhouse Chicago,"228 W Chicago Ave Chicago, IL 60654 Neighbourhood: Near North Side",1101,4.0,"American (Traditional),
                    Bars","228 W Chicago AveChicago, IL 60654",Mon 11:00 am - 12:00 am Tue 11:00 am - 12:00 am Wed 11:00 am - 12:00 am Thu 11:00 am - 12:00 am Fri 11:00 am - 1:00 am Sat 10:00 am - 1:00 am Sun 10:00 am - 11:00 pm ,No,Yes,Street,Casual,Yes,$11-30,Yes,No,Yes,Null,Yes,Free,Dinner,Full Bar,Average,Casual,Yes,No,Null,farmhousechicago.com,(312) 280-4960
B_04jjMZjeGGKjaPcR3Kig,Three Dots and a Dash,"435 N Clark St Back alley on Hubbard St Chicago, IL 60654 Neighbourhood: Near North Side",2203,4.0,"Asian Fusion,
                    Tiki Bars","435 N Clark StChicago, IL 60654",Mon 4:00 pm - 2:00 am Tue 4:00 pm - 2:00 am Wed 4:00 pm - 2:00 am Thu 4:00 pm - 2:00 am Fri 4:00 pm - 2:00 am Sat 2:00 pm - 3:00 am Sun 4:00 pm - 2:00 am ,No,Yes,"Valet, Garage, Street",Casual,Yes,$11-30,Yes,No,No,Null,No,Free,Late Night,Full Bar,Loud,Trendy,No,Yes,Null,threedotschicago.com,(312) 610-4220
apyIymDFbUK7u-Y3V5kmkA,Bavette’s Bar & Boeuf,"218 W Kinzie St Chicago, IL 60654 Neighbourhood: River North, Near North Side",1821,4.5,"Steakhouses,
                    Seafood,
                    Bars","218 W Kinzie StChicago, IL 60654",Mon 5:00 pm - 11:00 pm Tue 5:00 pm - 11:00 pm Wed 5:00 pm - 11:00 pm Thu 5:00 pm - 11:00 pm Fri 5:00 pm - 12:00 am Sat 5:00 pm - 12:00 am Sun 5:00 pm - 10:00 pm ,No,Yes,"Valet, Street",Dressy,Yes,$31-60,Yes,No,No,Null,No,No,Dinner,Full Bar,Average,Classy,No,No,Null,bavetteschicago.com,(312) 624-8154
LaYrGWnZazWsc3xi1sTYfw,Arbella,"112 W Grand Ave Chicago, IL 60654 Neighbourhood: River North, Near North Side",215,4.5,"Tapas/Small Plates,
                    Cocktail Bars,
                    Burgers","112 W Grand AveChicago, IL 60654",Mon 5:00 pm - 12:00 am Tue 5:00 pm - 2:00 am Wed 5:00 pm - 2:00 am Thu 5:00 pm - 2:00 am Fri 5:00 pm - 2:00 am Sat 5:00 pm - 3:00 am Sun Closed ,No,Yes,Valet,Casual,Yes,$11-30,Yes,No,No,Yes,No,Free,"Dinner, Late Night",Full Bar,Average,Trendy,Yes,No,No,arbellachicago.com,(312) 846-6654
Leed_L3l2U8tKBdJwj8CyQ,True Food Kitchen,"1 W Erie St Chicago, IL 60654 Neighbourhood: Near North Side",386,4.5,American (New),"1 W Erie StChicago, IL 60654",Mon 11:00 am - 10:00 pm Tue 11:00 am - 10:00 pm Wed 11:00 am - 10:00 pm Thu 11:00 am - 10:00 pm Fri 11:00 am - 11:00 pm Sat 10:00 am - 11:00 pm Sun 10:00 am - 9:00 pm ,Yes,Yes,Street,Casual,Yes,$11-30,Yes,No,Yes,Yes,Yes,No,"Brunch, Lunch, Dinner",Full Bar,Average,"Casual, Trendy",No,No,Yes,truefoodkitchenchicago.com,(312) 204-6981
ziIfrqtyupmeNlPAOx6jTw,Quartino Ristorante,"626 N State St Chicago, IL 60654 Neighbourhood: Near North Side",3878,4.0,"Italian,
                    Wine Bars","626 N State StChicago, IL 60654",Mon 11:30 am - 2:00 am Tue 11:30 am - 2:00 am Wed 11:30 am - 2:00 am Thu 11:30 am - 2:00 am Fri 11:30 am - 2:00 am Sat 11:30 am - 3:00 am Sun 11:30 am - 1:00 am ,Yes,Yes,Valet,Casual,Yes,$11-30,Yes,No,Yes,Null,Yes,No,Dinner,Full Bar,Loud,Casual,Yes,Yes,Null,quartinochicago.com,(312) 698-5000
LaYrGWnZazWsc3xi1sTYfw,Arbella,"112 W Grand Ave Chicago, IL 60654 Neighbourhood: River North, Near North Side",215,4.5,"Tapas/Small Plates,
                    Cocktail Bars,
                    Burgers","112 W Grand AveChicago, IL 60654",Mon 5:00 pm - 12:00 am Tue 5:00 pm - 2:00 am Wed 5:00 pm - 2:00 am Thu 5:00 pm - 2:00 am Fri 5:00 pm - 2:00 am Sat 5:00 pm - 3:00 am Sun Closed ,No,Yes,Valet,Casual,Yes,$11-30,Yes,No,No,Yes,No,Free,"Dinner, Late Night",Full Bar,Average,Trendy,Yes,No,No,arbellachicago.com,(312) 846-6654
TC8tG6To87DUzC365njvXw,River Roast,"315 N La Salle Dr Chicago, IL 60654 Neighbourhood: River North, Near North Side",647,4.0,"American (Traditional),
                    Gastropubs","315 N La Salle DrChicago, IL 60654",Mon 11:30 am - 10:00 pm Tue 11:30 am - 10:00 pm Wed 11:30 am - 10:00 pm Thu 11:30 am - 10:00 pm Fri 11:30 am - 11:00 pm Sat 11:00 am - 11:00 pm Sun 11:00 am - 9:00 pm ,Yes,Yes,Valet,Casual,Yes,$11-30,Yes,Yes,Yes,Yes,Yes,Free,Dinner,Full Bar,Average,Casual,Yes,Yes,Yes,RiverRoastChicago.com,(312) 822-0100
Vw-Qn1Hg06h4yBUdDQCXyA,Sushi-San,"63 W Grand Ave Chicago, IL 60654 Neighbourhood: Near North Side",74,4.0,Sushi Bars,"63 W Grand AveChicago, IL 60654",Mon 4:00 pm - 12:00 am Tue 4:00 pm - 12:00 am Wed 4:00 pm - 12:00 am Thu 4:00 pm - 12:00 am Fri 4:00 pm - 1:00 am Sat 4:00 pm - 1:00 am Sun 4:00 pm - 12:00 am ,No,Yes,Street,Casual,Yes,$11-30,Yes,Yes,Yes,Yes,No,Free,Dinner,Full Bar,Average,Casual,No,No,Null,sushisanrestaurant.com,(312) 828-0575
Leed_L3l2U8tKBdJwj8CyQ,True Food Kitchen,"1 W Erie St Chicago, IL 60654 Neighbourhood: Near North Side",386,4.5,American (New),"1 W Erie StChicago, IL 60654",Mon 11:00 am - 10:00 pm Tue 11:00 am - 10:00 pm Wed 11:00 am - 10:00 pm Thu 11:00 am - 10:00 pm Fri 11:00 am - 11:00 pm Sat 10:00 am - 11:00 pm Sun 10:00 am - 9:00 pm ,Yes,Yes,Street,Casual,Yes,$11-30,Yes,No,Yes,Yes,Yes,No,"Brunch, Lunch, Dinner",Full Bar,Average,"Casual, Trendy",No,No,Yes,truefoodkitchenchicago.com,(312) 204-6981
tuJraaFffIS_JNK_4ZqGTA,Ēma,"74 W Illinois St Chicago, IL 60654 Neighbourhood: Near North Side",425,4.0,"Mediterranean,
                    Tapas/Small Plates","74 W Illinois StChicago, IL 60654",Mon 11:30 am - 10:00 pm Tue 11:30 am - 10:00 pm Wed 11:30 am - 10:00 pm Thu 11:30 am - 10:00 pm Fri 11:30 am - 11:00 pm Sat 11:30 am - 11:00 pm Sun 11:30 am - 9:00 pm ,No,Yes,Street,Casual,Yes,$11-30,Yes,No,Yes,Yes,No,Free,"Lunch, Dinner",Full Bar,Average,Trendy,No,No,Null,emachicago.com,(312) 527-5586
9qeOkQ83dyFylyW1Wknaog,Bohemian House,"11 W Illinois St Chicago, IL 60654 Neighbourhood: Near North Side",724,4.5,"Czech,
                    German,
                    Austrian","11 W Illinois StChicago, IL 60654",Mon Closed Tue 5:00 pm - 10:00 pm Wed 5:00 pm - 10:00 pm Thu 5:00 pm - 10:00 pm Fri 11:30 am - 2:00 pm5:00 pm - 11:00 pm Sat 10:00 am - 2:00 pm5:00 pm - 11:00 pm Sun 10:00 am - 2:00 pm5:00 pm - 10:00 pm ,No,Yes,Street,Casual,Yes,$31-60,Yes,Yes,Yes,Yes,Yes,No,Dinner,Full Bar,Average,Trendy,No,Yes,Yes,Bohochicago.Com,(312) 955-0439
zIXZtgiir9CVF-iZeeAvaQ,Ramen-san,"59 W Hubbard St Chicago, IL 60654 Neighbourhood: Near North Side",1272,3.5,Ramen,"59 W Hubbard StChicago, IL 60654",Mon 11:00 am - 12:00 am Tue 11:00 am - 12:00 am Wed 11:00 am - 12:00 am Thu 11:00 am - 12:00 am Fri 11:00 am - 12:00 am Sat 11:00 am - 1:00 am Sun 12:00 pm - 12:00 am ,No,Yes,"Valet, Street",Casual,Yes,$11-30,Yes,Yes,Yes,Yes,Yes,Free,"Lunch, Dinner",Full Bar,Average,"Hipster, Trendy",No,No,Yes,ramensan.com,(312) 377-9950
8oVuCgY36DBA78kz6YcvMg,The Franklin Room,"675 N Franklin St Chicago, IL 60654 Neighbourhood: River North, Near North Side",387,4.0,"American (Traditional),
                    Cocktail Bars,
                    Whiskey Bars","675 N Franklin StChicago, IL 60654",Mon 11:30 am - 2:00 pm5:00 pm - 11:00 pm Tue 11:30 am - 2:00 pm5:00 pm - 11:00 pm Wed 11:30 am - 2:00 pm5:00 pm - 11:00 pm Thu 11:30 am - 2:00 pm5:00 pm - 11:00 pm Fri 11:30 am - 2:00 pm5:00 pm - 1:00 am Sat 5:00 pm - 1:00 am Sun 5:00 pm - 10:00 pm ,No,Yes,Street,Casual,Yes,$11-30,Yes,Yes,Yes,Yes,No,Free,Dinner,Full Bar,Average,Classy,Yes,Yes,Yes,franklinroom.com,(312) 445-4686
bQaiow1WcwwSODUo9hHOMQ,RPM Italian,"52 W Illinois St Chicago, IL 60654 Neighbourhood: Near North Side",2511,4.0,Italian,"52 W Illinois StChicago, IL 60654",Mon 4:00 pm - 11:00 pm Tue 4:00 pm - 11:00 pm Wed 4:00 pm - 11:00 pm Thu 4:00 pm - 11:00 pm Fri 4:00 pm - 12:00 am Sat 3:00 pm - 12:00 am Sun 12:00 pm - 11:00 pm ,No,Yes,Valet,Dressy,Yes,$31-60,Yes,Yes,Yes,Null,No,Free,Dinner,Full Bar,Average,Trendy,Yes,Yes,Null,rpmrestaurants.com,(312) 222-1888
dSqRMhGNCWuSjPT_4lsZqw,Siena Tavern,"51 W Kinzie St Chicago, IL 60654 Neighbourhood: Near North Side",1407,4.0,"Italian,
                    American (New),
                    Pizza","51 W Kinzie StChicago, IL 60654",Mon 11:30 am - 2:00 am Tue 11:30 am - 2:00 am Wed 11:30 am - 2:00 am Thu 11:30 am - 2:00 am Fri 11:30 am - 2:00 am Sat 10:00 am - 3:00 am Sun 10:00 am - 2:00 am ,No,Yes,"Valet, Street",Casual,Yes,$31-60,Yes,No,Yes,Null,Yes,Free,Dinner,Full Bar,Average,Trendy,Yes,Yes,Null,sienatavern.com,(312) 595-1322
1Q7RL7Hc63wKa2A9ec3zXw,il Porcellino,"59 W Hubbard Chicago, IL 60654 Neighbourhood: Near North Side",248,4.0,"Italian,
                    Bars","59 W HubbardChicago, IL 60654",Mon 4:00 pm - 11:00 pm Tue 4:00 pm - 11:00 pm Wed 4:00 pm - 11:00 pm Thu 4:00 pm - 12:00 am Fri 4:00 pm - 12:00 am Sat 4:00 pm - 12:00 am Sun 4:00 pm - 10:00 pm ,No,Yes,Valet,Casual,Yes,$11-30,Yes,Yes,Yes,Yes,No,Free,Dinner,Full Bar,Average,Null,No,Yes,Yes,ilporcellinochicago.com,(312) 595-0800
ziIfrqtyupmeNlPAOx6jTw,Quartino Ristorante,"626 N State St Chicago, IL 60654 Neighbourhood: Near North Side",3878,4.0,"Italian,
                    Wine Bars","626 N State StChicago, IL 60654",Mon 11:30 am - 2:00 am Tue 11:30 am - 2:00 am Wed 11:30 am - 2:00 am Thu 11:30 am - 2:00 am Fri 11:30 am - 2:00 am Sat 11:30 am - 3:00 am Sun 11:30 am - 1:00 am ,Yes,Yes,Valet,Casual,Yes,$11-30,Yes,No,Yes,Null,Yes,No,Dinner,Full Bar,Loud,Casual,Yes,Yes,Null,quartinochicago.com,(312) 698-5000
0LxN36awD48RfrBJGl2BYg,Imperial Lamian,"6 W Hubbard St Chicago, IL 60654 Neighbourhood: Near North Side",712,4.0,"Dim Sum,
                    Noodles,
                    Cocktail Bars","6 W Hubbard StChicago, IL 60654",Mon 11:30 am - 10:00 pm Tue 11:30 am - 10:00 pm Wed 11:30 am - 10:00 pm Thu 11:30 am - 10:00 pm Fri 11:30 am - 10:00 pm Sat 10:00 am - 10:00 pm Sun 10:00 am - 10:00 pm ,Yes,Yes,"Valet, Garage, Street",Casual,Yes,$11-30,Yes,No,Yes,Yes,No,Free,"Lunch, Dinner",Full Bar,Average,Trendy,No,No,Yes,imperial-lamian.com,(312) 595-9440
7gIvBWrOpu3SDYB6CFJ6kw,Bar Lupo,"217 W Huron St Chicago, IL 60654 Neighbourhood: River North, Near North Side",166,4.0,"Cocktail Bars,
                    Italian,
                    Pubs","217 W Huron StChicago, IL 60654",Mon Closed Tue 3:00 pm - 10:00 pm Wed 11:00 am - 10:00 pm Thu 11:00 am - 11:00 pm Fri 11:00 am - 2:00 am Sat 11:00 am - 3:00 am Sun Closed ,No,Yes,Street,Casual,Yes,$11-30,Yes,No,Yes,Yes,Yes,Free,Dinner,Full Bar,Average,Null,Yes,No,Yes,barlupochicago.com,(312) 643-3400
Xs7VQkl9cFTWQqmq69UvuQ,Barrio,"65 W Kinzie St Chicago, IL 60654 Neighbourhood: Near North Side",273,4.0,"Mexican,
                    Bars,
                    American (New)","65 W Kinzie StChicago, IL 60654",Mon 11:30 am - 10:00 pm Tue 11:30 am - 10:00 pm Wed 11:30 am - 10:00 pm Thu 11:30 am - 11:00 pm Fri 11:30 am - 12:00 am Sat 10:00 am - 12:00 am Sun 10:00 am - 4:00 pm ,No,Yes,"Valet, Garage, Street",Casual,Yes,$31-60,Yes,Yes,Yes,Yes,Yes,Free,"Lunch, Dinner",Full Bar,Average,Trendy,Yes,Yes,Yes,barriochicago.com,(312) 940-9900
sDYjKyI_67eUhFAqVneYjA,Gilt Bar,"230 W Kinzie St Chicago, IL 60654 Neighbourhood: River North, Near North Side",1454,4.0,American (New),"230 W Kinzie StChicago, IL 60654",Mon 5:00 pm - 11:00 pm Tue 5:00 pm - 11:00 pm Wed 5:00 pm - 11:00 pm Thu 5:00 pm - 11:00 pm Fri 5:00 pm - 12:00 am Sat 5:00 pm - 12:00 am Sun 5:00 pm - 10:00 pm ,No,Yes,"Valet, Garage, Street",Casual,Yes,$31-60,Yes,No,No,Null,Yes,No,Dinner,Full Bar,Average,Trendy,No,No,Null,giltbarchicago.com,(312) 464-9544
Mbd667MGY6N8LNtmGk2ANg,Bar Cargo,"605 N Wells St Chicago, IL 60654 Neighbourhood: River North, Near North Side",38,4.5,"Pizza,
                    Italian","605 N Wells StChicago, IL 60654",Mon 11:30 am - 11:00 pm Tue 11:30 am - 11:00 pm Wed 11:30 am - 11:00 pm Thu 11:30 am - 11:00 pm Fri 11:30 am - 2:00 am Sat 11:00 am - 2:00 am Sun 11:00 am - 10:00 pm ,Yes,Yes,"Valet, Street",Casual,Yes,$11-30,Yes,No,Yes,Yes,Yes,Free,Dinner,Full Bar,Loud,Casual,Yes,Yes,Yes,barcargo.com,(312) 929-0065
8d_DiHWB-pjBVW3a7D8EWg,Sunda,"110 W Illinois St Chicago, IL 60654 Neighbourhood: River North, Near North Side",2388,4.0,"Asian Fusion,
                    Sushi Bars,
                    Japanese","110 W Illinois StChicago, IL 60654",Mon 11:30 am - 11:00 pm Tue 11:30 am - 11:00 pm Wed 11:30 am - 11:00 pm Thu 11:30 am - 12:00 am Fri 11:30 am - 12:00 am Sat 10:30 am - 3:00 pm4:00 pm - 12:00 am Sun 10:30 am - 3:00 pm4:00 pm - 11:00 pm ,No,Yes,Valet,Dressy,Yes,$31-60,Yes,Yes,Yes,Null,Yes,Free,Dinner,Full Bar,Average,Trendy,No,Yes,Null,sundachicago.com,(312) 644-0500
AqgG-1aD6JYj9D6OmBWO3w,Frontera Grill,"445 N Clark St Chicago, IL 60654 Neighbourhood: Near North Side",1987,4.0,"Mexican,
                    Desserts","445 N Clark StChicago, IL 60654",Mon Closed Tue 11:30 am - 2:30 pm5:30 pm - 10:00 pm Wed 11:30 am - 2:30 pm5:00 pm - 10:00 pm Thu 11:30 am - 2:30 pm5:00 pm - 10:00 pm Fri 11:30 am - 2:30 pm5:00 pm - 11:00 pm Sat 10:30 am - 2:00 pm5:00 pm - 11:00 pm Sun Closed ,No,Yes,Valet,Casual,Yes,$31-60,Yes,No,No,Yes,Yes,No,Dinner,Full Bar,Average,Casual,No,No,Yes,rickbayless.com/restaurants/g…,(312) 661-1434
MwobGG_QI3QLf5HencV3Yg,The Kitchen,"316 N Clark St Chicago, IL 60654 Neighbourhood: River North, Near North Side",397,4.0,American (New),"316 N Clark StChicago, IL 60654",Mon 11:00 am - 10:00 pm Tue 11:00 am - 10:00 pm Wed 11:00 am - 10:00 pm Thu 11:00 am - 10:00 pm Fri 11:00 am - 10:00 pm Sat 10:00 am - 10:00 pm Sun 10:00 am - 9:00 pm ,No,Yes,Valet,Casual,Yes,$31-60,Yes,No,Yes,Yes,No,Free,Dinner,Full Bar,Average,Trendy,No,No,Yes,thekitchenbistros.com,(312) 836-1300
N0CzLRbl79f4f6WqjNKM0g,Theory,"9 W Hubbard St Chicago, IL 60654 Neighbourhood: Near North Side",627,4.0,"Sports Bars,
                    American (New)","9 W Hubbard StChicago, IL 60654",Mon 11:00 am - 12:00 am Tue 11:00 am - 12:00 am Wed 11:00 am - 12:00 am Thu 11:00 am - 2:00 am Fri 11:00 am - 2:00 am Sat 10:00 am - 3:00 am Sun 10:00 am - 2:00 am ,No,Yes,"Valet, Street",Casual,Yes,$11-30,Yes,Yes,Yes,Null,Yes,Free,Dinner,Full Bar,Average,Casual,Yes,Yes,Null,theorychicago.com,(312) 644-0004
efRsbbfjcuDXABJNXdgl7w,Wollensky’s Grill,"318 N State St Chicago, IL 60654 Neighbourhood: Near North Side",69,4.0,"Steakhouses,
                    Gastropubs,
                    American (New)","318 N State StChicago, IL 60654",Mon 11:30 am - 12:00 am Tue 11:30 am - 12:00 am Wed 11:30 am - 12:00 am Thu 11:30 am - 12:00 am Fri 11:30 am - 1:00 am Sat 11:30 am - 1:00 am Sun 11:00 am - 11:00 pm ,No,Yes,Valet,Casual,Yes,$31-60,Yes,No,Yes,Null,No,Free,Dinner,Full Bar,Average,Classy,Yes,Yes,Null,wollenskysgrill.com,(312) 670-9596
HkUUKDwlIu869ECubV4NfA,Tanta,"118 W Grand Ave Chicago, IL 60654 Neighbourhood: River North, Near North Side",895,4.0,"Peruvian,
                    Bars","118 W Grand AveChicago, IL 60654",Mon 11:00 am - 2:30 pm5:00 pm - 9:00 pm Tue 11:00 am - 2:30 pm5:00 pm - 11:00 pm Wed 11:00 am - 2:30 pm5:00 pm - 11:00 pm Thu 11:00 am - 2:30 pm5:00 pm - 11:00 pm Fri 11:00 am - 2:30 pm5:00 pm - 12:00 am Sat 11:00 am - 2:30 pm5:00 pm - 12:00 am Sun 11:00 am - 2:30 pm5:00 pm - 9:00 pm ,No,Yes,Valet,Casual,Yes,$31-60,Yes,No,No,Null,Yes,Free,Dinner,Full Bar,Average,Trendy,No,No,Null,tantachicago.com,(312) 222-9700
qPEQWFd7v2OwjQJiBOM1lg,Portsmith,"660 N State St Chicago, IL 60654 Neighbourhood: Near North Side",66,4.5,"Seafood,
                    American (New),
                    Steakhouses","660 N State StChicago, IL 60654",Mon 7:00 am - 2:00 pm5:00 pm - 10:00 pm Tue 7:00 am - 2:00 pm5:00 pm - 10:00 pm Wed 7:00 am - 2:00 pm5:00 pm - 10:00 pm Thu 7:00 am - 2:00 pm5:00 pm - 10:00 pm Fri 7:00 am - 2:00 pm5:00 pm - 10:00 pm Sat 8:00 am - 2:00 pm5:00 pm - 10:00 pm Sun 8:00 am - 2:00 pm5:00 pm - 8:30 pm ,Yes,Yes,"Valet, Street",Casual,Yes,$11-30,Yes,No,No,Yes,Yes,Free,"Breakfast, Brunch, Dinner",Full Bar,Average,Upscale,No,Yes,Yes,portsmithchicago.com,(312) 202-6050
6KU3ylSh27qiiBa-a9vOGQ,Union Sushi + Barbeque Bar,"230 W Erie St Chicago, IL 60654 Neighbourhood: River North, Near North Side",984,4.0,"Japanese,
                    Sushi Bars,
                    Barbeque","230 W Erie StChicago, IL 60654",Mon 11:30 am - 2:00 pm5:00 pm - 10:00 pm Tue 11:30 am - 2:00 pm5:00 pm - 10:00 pm Wed 11:30 am - 2:00 pm5:00 pm - 10:00 pm Thu 11:30 am - 2:00 pm5:00 pm - 10:00 pm Fri 11:30 am - 2:00 pm5:00 pm - 11:00 pm Sat 5:00 pm - 11:00 pm Sun 5:00 pm - 9:00 pm ,No,Yes,Street,Casual,Yes,$11-30,Yes,Yes,Yes,Null,No,Free,Dinner,Full Bar,Average,Trendy,Yes,Yes,Null,eatatunion.com,(312) 662-4888
gSMAmIma0SWC0qJnZeggnA,Café Iberico,"737 N Lasalle Blvd Chicago, IL 60654 Neighbourhood: River North, Near North Side",1948,3.5,"Spanish,
                    Tapas Bars","737 N Lasalle BlvdChicago, IL 60654",Mon 11:00 am - 11:00 pm Tue 11:00 am - 11:00 pm Wed 11:00 am - 11:00 pm Thu 11:00 am - 11:00 pm Fri 11:00 am - 12:00 am Sat 11:00 am - 12:00 am Sun 11:00 am - 11:00 pm ,Yes,Yes,Street,Casual,Yes,$11-30,Yes,Yes,Yes,Yes,No,No,Dinner,Full Bar,Very Loud,Casual,Yes,Yes,Yes,cafeiberico.com,(312) 573-1510
Ex7WA2eeta6xoiLkCJM6Jg,Big Wig Tacos,"770 N LaSalle St Chicago, IL 60654 Neighbourhood: River North, Near North Side",79,4.0,Tacos,"770 N LaSalle StChicago, IL 60654",Mon 11:00 am - 4:00 am Tue 11:00 am - 4:00 am Wed 11:00 am - 4:00 am Thu 11:00 am - 4:00 am Fri 11:00 am - 5:30 am Sat 11:00 am - 5:30 am Sun 11:00 am - 4:00 am ,Yes,Yes,Street,Casual,Yes,Under $10,No,Yes,Yes,No,No,Free,"Lunch, Dinner",No,Average,Casual,No,Yes,Yes,bigwigtacos.com,(630) 413-1195
NkiMNg57iKeBLRdt9jv2Aw,The Boarding House,"720 N Wells St Chicago, IL 60654 Neighbourhood: River North, Near North Side",591,4.0,"American (New),
                    Wine Bars,
                    Vegetarian","720 N Wells StChicago, IL 60654",Mon 4:30 pm - 9:00 pm Tue 4:30 pm - 10:00 pm Wed 4:30 pm - 10:00 pm Thu 4:30 pm - 10:00 pm Fri 4:30 pm - 10:00 pm Sat 4:30 pm - 10:00 pm Sun Closed ,No,Yes,Valet,Dressy,Yes,$31-60,Yes,No,No,Null,Yes,No,Dinner,Full Bar,Average,Classy,Yes,No,Null,boardinghousechicago.com,(312) 280-0720
ID-0tVdM9YatcHzjDfiofg,Fremont,"15 W Illinois St Chicago, IL 60654 Neighbourhood: Near North Side",355,4.0,"American (New),
                    Cocktail Bars","15 W Illinois StChicago, IL 60654",Mon Closed Tue Closed Wed 4:00 pm - 2:00 am Thu 4:00 pm - 2:00 am Fri 4:00 pm - 2:00 am Sat 10:00 am - 3:00 am Sun 10:00 am - 2:00 am ,No,Yes,Street,Casual,Yes,$11-30,Yes,No,Yes,Yes,No,Free,Brunch,Full Bar,Loud,Trendy,Yes,No,Null,fremontchicago.com,(312) 874-7270
OGGtHsXsCUHaLkyUNZVXNg,The Dawson,"730 W Grand Ave Chicago, IL 60654 Neighbourhood: River West, Noble Square, Near West Side, West Town",706,4.0,American (Traditional),"730 W Grand AveChicago, IL 60654",Mon 4:30 pm - 11:00 pm Tue 4:30 pm - 12:00 am Wed 4:30 pm - 12:00 am Thu 4:30 pm - 12:00 am Fri 4:00 pm - 1:30 am Sat 10:30 am - 1:30 am Sun 10:30 am - 11:00 pm ,No,Yes,Valet,Casual,Yes,$11-30,Yes,No,No,Null,Yes,Free,Dinner,Full Bar,Average,Trendy,Yes,No,Null,the-dawson.com,(312) 243-8955
hZ64aFe4-4ClppyFdpNNcQ,Ironside Bar & Galley,"546 N Wells St Chicago, IL 60654 Neighbourhood: River North, Near North Side",86,4.0,"American (New),
                    Sports Bars,
                    Beer Bar","546 N Wells StChicago, IL 60654",Mon 4:00 pm - 2:00 am Tue 11:30 am - 2:00 am Wed 11:30 am - 2:00 am Thu 11:30 am - 2:00 am Fri 11:30 am - 2:00 am Sat 11:00 am - 3:00 am Sun 11:00 am - 2:00 am ,No,Yes,Street,Casual,Yes,$11-30,Yes,Yes,Yes,Yes,Yes,Free,"Dinner, Late Night",Full Bar,Very Loud,"Casual, Trendy",Yes,No,Yes,ironsidechicago.com,(312) 973-7792
J_6biyUoo3wYneF3j4LKWw,Osteria Via Stato,"620 N State St Chicago, IL 60654 Neighbourhood: Near North Side",710,4.0,"Italian,
                    Pizza,
                    Wine Bars","620 N State StChicago, IL 60654",Mon 5:00 pm - 10:00 pm Tue 5:00 pm - 10:00 pm Wed 5:00 pm - 10:00 pm Thu 5:00 pm - 10:00 pm Fri 5:00 pm - 11:00 pm Sat 5:00 pm - 11:00 pm Sun 5:00 pm - 9:30 pm ,No,Yes,"Valet, Garage, Street, Validated",Casual,Yes,$11-30,Yes,Yes,Yes,Null,Yes,Free,Dinner,Full Bar,Average,Romantic,Yes,Yes,Null,osteriaviastato.com,(312) 642-8450
8oKRLk54AhYwEaBe7onYog,Green Door Tavern,"678 N Orleans St Chicago, IL 60654 Neighbourhood: River North, Near North Side",376,4.0,"Pubs,
                    American (Traditional)","678 N Orleans StChicago, IL 60654",Mon 11:30 am - 2:00 am Tue 11:30 am - 2:00 am Wed 11:30 am - 2:00 am Thu 11:30 am - 2:00 am Fri 11:30 am - 2:00 am Sat 10:00 am - 3:00 am Sun 10:00 am - 9:00 pm ,No,Yes,Street,Casual,Yes,$11-30,No,No,Yes,Null,No,Free,"Lunch, Dinner",Full Bar,Average,Casual,Yes,Yes,Null,greendoorchicago.com,(312) 664-5496
zXDVdB7jofrt1IWODlOtUA,Beatrix River North,"519 North Clark Street Chicago, IL 60654 Neighbourhood: Near North Side",1451,4.0,"American (New),
                    Breakfast & Brunch","519 North Clark StreetChicago, IL 60654",Mon 7:00 am - 10:00 pm Tue 7:00 am - 10:00 pm Wed 7:00 am - 10:00 pm Thu 7:00 am - 10:00 pm Fri 7:00 am - 11:00 pm Sat 8:00 am - 11:00 pm Sun 8:00 am - 9:00 pm ,Yes,Yes,"Valet, Street",Casual,Yes,$11-30,Yes,No,Yes,Null,Yes,Free,"Breakfast, Brunch",Full Bar,Average,Trendy,Yes,Yes,Null,beatrixchicago.com,(312) 284-1377
CSxbbmY-OshnCG7GZ062Ww,The Roost Carolina Kitchen,"455 N Milwaukee Ave Chicago, IL 60654 Neighbourhood: River West, West Loop, Near West Side, West Town",196,4.0,Southern,"455 N Milwaukee AveChicago, IL 60654",Mon 9:00 am - 9:00 pm Tue 9:00 am - 9:00 pm Wed 9:00 am - 9:00 pm Thu 9:00 am - 9:00 pm Fri 9:00 am - 9:00 pm Sat 9:00 am - 9:00 pm Sun 9:00 am - 3:00 pm ,Yes,Yes,Street,Casual,No,$11-30,No,Yes,Yes,No,Yes,No,"Lunch, Dinner",No,Average,Casual,No,Yes,Null,theroostcarolinakitchen.com,(312) 877-5738
syFfym4JRuHrT_3cUhuF1g,Bernie’s Lunch & Supper,"660 N Orleans St Chicago, IL 60654 Neighbourhood: River North, Near North Side",279,3.5,"Cocktail Bars,
                    American (New)","660 N Orleans StChicago, IL 60654",Mon 11:00 am - 10:00 pm Tue 11:00 am - 10:00 pm Wed 11:00 am - 10:00 pm Thu 11:00 am - 12:00 am Fri 11:00 am - 12:00 am Sat 10:00 am - 12:00 am Sun 10:00 am - 8:00 pm ,No,Yes,Street,Casual,Yes,$11-30,Yes,Yes,Yes,Yes,Yes,No,"Brunch, Lunch, Dinner",Full Bar,Average,"Casual, Trendy",Yes,Yes,Yes,bernieslunchandsupper.com,(312) 624-9892
64gKu_4z43qsFL5nC8DxYQ,Katana,"339 N Dearborn St Chicago, IL 60654 Neighbourhood: Near North Side",119,3.5,"Sushi Bars,
                    Japanese,
                    Asian Fusion","339 N Dearborn StChicago, IL 60654",Mon 11:30 am - 2:30 pm5:00 pm - 10:00 pm Tue 11:30 am - 2:30 pm5:00 pm - 10:00 pm Wed 11:30 am - 2:30 pm5:00 pm - 10:30 pm Thu 11:30 am - 2:30 pm5:00 pm - 10:30 pm Fri 11:30 am - 2:30 pm5:00 pm - 12:00 am Sat 5:00 pm - 12:00 am Sun 5:00 pm - 10:00 pm ,No,Yes,Null,Dressy,Yes,Above $61,Yes,No,Yes,Yes,Yes,Free,Dinner,Full Bar,Loud,"Trendy, Classy",No,No,Null,innovativedining.com/restaura…,(312) 877-5544
KMgdD5KzGxysP9xvIte-rw,Henry’s,"18 W Hubbard St Chicago, IL 60654 Neighbourhood: Near North Side",295,4.0,"Bars,
                    Burgers,
                    Music Venues","18 W Hubbard StChicago, IL 60654",Mon Closed Tue 5:00 pm - 12:00 am Wed 5:00 pm - 12:00 am Thu 5:00 pm - 2:00 am Fri 4:00 pm - 2:00 am Sat 5:00 pm - 3:00 am Sun 8:00 pm - 2:00 am ,No,Yes,Street,Casual,Yes,$11-30,No,No,No,Yes,No,No,Late Night,Full Bar,Loud,"Casual, Trendy",Yes,Yes,Yes,henrys-chicago.com,(312) 955-8018
43rd1LKcZRIunySzbMsyLQ,Fogo de Chão Brazilian Steakhouse,"661 N Lasalle Blvd Chicago, IL 60654 Neighbourhood: River North, Near North Side",1406,4.5,"Brazilian,
                    Steakhouses","661 N Lasalle BlvdChicago, IL 60654",Mon 11:00 am - 2:00 pm5:00 pm - 10:00 pm Tue 11:00 am - 2:00 pm5:00 pm - 10:00 pm Wed 11:00 am - 2:00 pm5:00 pm - 10:00 pm Thu 11:00 am - 2:00 pm5:00 pm - 10:00 pm Fri 11:00 am - 2:00 pm5:00 pm - 10:30 pm Sat 11:30 am - 10:30 pm Sun 11:30 am - 9:00 pm ,Yes,Yes,"Valet, Street",Casual,Yes,$31-60,Yes,No,No,Null,No,No,Dinner,Full Bar,Average,Classy,No,No,Null,Fogo.com,(312) 932-9330
d6UbRb9W5eA1yL-DuVZ8ug,ZED451,"739 N Clark St Chicago, IL 60654 Neighbourhood: Near North Side",1203,4.0,"Brazilian,
                    Steakhouses,
                    Lounges","739 N Clark StChicago, IL 60654",Mon 4:30 pm - 12:00 am Tue 4:30 pm - 12:00 am Wed 4:30 pm - 12:00 am Thu 4:30 pm - 12:00 am Fri 4:30 pm - 2:00 am Sat 10:00 am - 2:00 am Sun 10:00 am - 10:00 pm ,No,Yes,"Valet, Street",Dressy,Yes,$31-60,Yes,No,No,Yes,Yes,Free,Dinner,Full Bar,Average,Trendy,Yes,No,Yes,zed451.com,(312) 266-6691
Pcg4FtfbvSMMwrYuE1yVjQ,Mastro’s Steakhouse,"520 N Dearborn St Chicago, IL 60654 Neighbourhood: Near North Side",1080,4.0,Steakhouses,"520 N Dearborn StChicago, IL 60654",Mon 5:00 pm - 12:00 am Tue 5:00 pm - 12:00 am Wed 5:00 pm - 12:00 am Thu 5:00 pm - 12:00 am Fri 5:00 pm - 12:00 am Sat 5:00 pm - 12:00 am Sun 5:00 pm - 12:00 am ,No,Yes,Valet,Dressy,Yes,Above $61,Yes,No,Yes,Yes,No,Free,Dinner,Full Bar,Average,"Classy, Upscale",Yes,No,Null,mastrosrestaurants.com,(312) 521-5100
RWULs45ZzaD-OJj5A-Kk8g,LYFE Kitchen,"413 North Clark St Chicago, IL 60654 Neighbourhood: Near North Side",582,4.0,"American (New),
                    Gluten-Free,
                    Vegetarian","413 North Clark StChicago, IL 60654",Mon 7:00 am - 9:30 pm Tue 7:00 am - 9:30 pm Wed 7:00 am - 9:30 pm Thu 7:00 am - 9:30 pm Fri 7:00 am - 9:30 pm Sat 8:00 am - 9:30 pm Sun 8:00 am - 9:30 pm ,Yes,Yes,"Garage, Street",Casual,Yes,$11-30,No,No,Yes,Null,Yes,Free,Lunch,Full Bar,Average,Casual,Yes,Yes,Null,lyfekitchen.com/locations/il/…,(312) 836-5933
JOHN_wTFT2XiLliajdIqhQ,Roy’s Restaurant,"720 N State St Chicago, IL 60654 Neighbourhood: Near North Side",449,4.0,"Seafood,
                    Steakhouses,
                    Sushi Bars","720 N State StChicago, IL 60654",Mon 4:00 pm - 10:00 pm Tue 4:00 pm - 10:00 pm Wed 4:00 pm - 10:00 pm Thu 4:00 pm - 10:00 pm Fri 4:00 pm - 11:00 pm Sat 11:00 am - 11:00 pm Sun 11:00 am - 9:00 pm ,No,Yes,"Valet, Private Lot",Dressy,Yes,$31-60,Yes,No,No,Null,No,Free,Dinner,Full Bar,Average,Upscale,Yes,No,Null,roysrestaurant.com,(312) 787-7599
rgHFY55p10VVur7N3s-z5Q,Roka Akor - Chicago,"456 N Clark St Chicago, IL 60654 Neighbourhood: River North, Near North Side",967,4.0,"Sushi Bars,
                    Japanese,
                    Steakhouses","456 N Clark StChicago, IL 60654",Mon 11:30 am - 2:30 pm5:00 pm - 11:00 pm Tue 11:30 am - 2:30 pm5:00 pm - 11:00 pm Wed 11:30 am - 2:30 pm5:00 pm - 11:00 pm Thu 11:30 am - 2:30 pm5:00 pm - 12:00 am Fri 11:30 am - 2:30 pm5:00 pm - 12:00 am Sat 5:00 pm - 12:00 am Sun 5:00 pm - 11:00 pm ,No,Yes,Valet,Dressy,Yes,$31-60,Yes,No,Yes,Null,Yes,Free,Dinner,Full Bar,Average,Trendy,Yes,Yes,Null,rokaakor.com/locations/chicago,(312) 477-7652
rnjz2KNgsQ2YaC_kjeuuAQ,Kinzie Chophouse,"400 N Wells St Chicago, IL 60654 Neighbourhood: River North, Near North Side",656,4.0,"Steakhouses,
                    American (New),
                    Desserts","400 N Wells StChicago, IL 60654",Mon 11:00 am - 10:00 pm Tue 11:00 am - 10:00 pm Wed 11:00 am - 10:00 pm Thu 11:00 am - 10:00 pm Fri 11:00 am - 11:00 pm Sat 4:00 pm - 11:00 pm Sun 4:00 pm - 9:00 pm ,No,Yes,"Garage, Street, Validated",Dressy,Yes,$31-60,Yes,Yes,Yes,Null,Yes,Free,Dinner,Full Bar,Average,Classy,Yes,No,Null,kinziechophouse.com,(312) 822-0191
dOAj9yI4Y5JsBxQX5D6NBQ,Prosecco,"710 N Wells St Chicago, IL 60654 Neighbourhood: River North, Near North Side",578,4.0,Italian,"710 N Wells StChicago, IL 60654",Mon 11:30 am - 9:00 pm Tue 11:30 am - 9:00 pm Wed 11:30 am - 9:00 pm Thu 11:30 am - 10:00 pm Fri 11:30 am - 10:00 pm Sat 5:00 pm - 10:00 pm Sun Closed ,No,Yes,"Valet, Street",Dressy,Yes,$31-60,Yes,No,Yes,Null,Yes,Free,Dinner,Full Bar,Average,"Romantic, Classy",No,No,Null,prosecco.us.com,(312) 951-9500
wYBTYDCk5ebNm7WtPfvX-g,Nonnina,"340 N Clark St Chicago, IL 60654 Neighbourhood: River North, Near North Side",340,4.0,Italian,"340 N Clark StChicago, IL 60654",Mon 11:00 am - 10:30 pm Tue 11:00 am - 10:30 pm Wed 11:00 am - 10:30 pm Thu 11:00 am - 10:30 pm Fri 11:00 am - 11:00 pm Sat 4:00 pm - 11:00 pm Sun 3:00 pm - 8:00 pm ,No,Yes,Valet,Dressy,Yes,$11-30,Yes,No,Yes,Yes,Yes,No,Dinner,Full Bar,Average,Null,No,Yes,Null,nonninachicago.com,(312) 822-0077
olT3-oFfj5jCuv49M6gZgQ,Chicago Cut Steakhouse,"300 N Lasalle Chicago, IL 60654 Neighbourhood: River North, Near North Side",1266,4.0,Steakhouses,"300 N LasalleChicago, IL 60654",Mon 7:00 am - 1:30 am Tue 7:00 am - 1:30 am Wed 7:00 am - 1:30 am Thu 7:00 am - 1:30 am Fri 7:00 am - 1:30 am Sat 10:00 am - 1:30 am Sun 10:00 am - 1:30 am ,No,Yes,Valet,Dressy,Yes,Above $61,Yes,No,Yes,Yes,Yes,Free,Dinner,Full Bar,Average,Upscale,Yes,No,Null,chicagocutsteakhouse.com,(312) 329-1800
bjQFZfYCjR1UmnUYZUL9Zg,The Hampton Social,"353 W Hubbard St Chicago, IL 60654 Neighbourhood: River North, Near North Side",599,3.5,"Seafood,
                    Breakfast & Brunch,
                    American (New)","353 W Hubbard StChicago, IL 60654",Mon 11:00 am - 10:00 pm Tue 11:00 am - 10:00 pm Wed 11:00 am - 11:00 pm Thu 11:00 am - 11:00 pm Fri 11:00 am - 12:00 am Sat 10:00 am - 12:00 am Sun 10:00 am - 10:00 pm ,No,Yes,"Valet, Street",Casual,Yes,$11-30,Yes,Yes,Yes,Yes,No,Free,"Brunch, Lunch, Dinner",Full Bar,Average,Trendy,Yes,Yes,Yes,thehamptonsocial.com,(312) 464-0500
JMWtBuuNmTXqoBs06Wt_7w,RPM Steak,"66 W Kinzie St Chicago, IL 60654 Neighbourhood: Near North Side",1019,4.0,"Steakhouses,
                    Salad,
                    Sandwiches","66 W Kinzie StChicago, IL 60654",Mon 11:00 am - 12:00 am Tue 11:00 am - 12:00 am Wed 11:00 am - 12:00 am Thu 11:00 am - 12:00 am Fri 11:00 am - 12:00 am Sat 4:00 pm - 12:00 am Sun 4:00 pm - 12:00 am ,No,Yes,"Valet, Garage, Street",Dressy,Yes,Above $61,Yes,Yes,Yes,Yes,Yes,Free,Dinner,Full Bar,Average,"Trendy, Classy, Upscale",No,Yes,Yes,rpmrestaurants.com,(312) 284-4990
SUG5XtgrhfcFncFrHL1bdA,Point & Feather,"113 W Hubbard St Chicago, IL 60654 Neighbourhood: River North, Near North Side",33,3.5,"Cocktail Bars,
                    Sports Bars,
                    Tapas/Small Plates","113 W Hubbard StChicago, IL 60654",Mon 4:00 pm - 1:00 am Tue 4:00 pm - 1:00 am Wed 4:00 pm - 1:00 am Thu 4:00 pm - 1:00 am Fri 4:00 pm - 2:00 am Sat 4:00 pm - 3:00 am Sun 4:00 pm - 1:00 am ,No,Yes,"Valet, Street",Casual,Yes,$11-30,Yes,No,No,Null,No,Free,Null,Full Bar,Loud,Null,Yes,Null,Yes,pointandfeatherchicago.com,(312) 644-0113
ksY97mbEy23n8GbYxOBgpA,25 Degrees,"736 N Clark St Chicago, IL 60654 Neighbourhood: Near North Side, River North",765,4.0,"Burgers,
                    Chicken Wings,
                    Sandwiches","736 N Clark StChicago, IL 60654",Mon 11:00 am - 11:00 pm Tue 11:00 am - 11:00 pm Wed 11:00 am - 11:00 pm Thu 11:00 am - 12:00 am Fri 11:00 am - 12:00 am Sat 11:00 am - 12:00 am Sun 11:00 am - 10:00 pm ,No,Yes,Street,Casual,Yes,$11-30,Yes,Yes,Yes,Yes,Yes,Free,Dinner,Full Bar,Average,Casual,Yes,No,Yes,25degreeschi.com,(312) 943-9700
id3TDF8s7BMYQCLm4HMCng,Club Lago,"331 W Superior St Chicago, IL 60654 Neighbourhood: River North, Near North Side",263,4.0,"Italian,
                    Pubs,
                    Wine Bars","331 W Superior StChicago, IL 60654",Mon 11:00 am - 10:00 pm Tue 11:00 am - 10:00 pm Wed 11:00 am - 10:00 pm Thu 11:00 am - 10:00 pm Fri 11:00 am - 11:00 pm Sat 11:00 am - 11:00 pm Sun Closed ,Yes,Yes,Street,Casual,Yes,$11-30,Yes,No,Yes,Null,Yes,Free,Dinner,Full Bar,Average,Casual,Yes,Yes,Null,clublago.com,(312) 951-2849
4NMrTDI0DVQqUsF_4SWdVA,Coco Pazzo,"300 W Hubbard St Chicago, IL 60654 Neighbourhood: River North, Near North Side",351,4.0,Italian,"300 W Hubbard StChicago, IL 60654",Mon 11:30 am - 10:00 pm Tue 11:30 am - 10:00 pm Wed 11:30 am - 10:00 pm Thu 11:30 am - 10:00 pm Fri 11:30 am - 10:30 pm Sat 5:30 pm - 10:30 pm Sun 5:00 pm - 9:30 pm ,No,Yes,Valet,Dressy,Yes,$31-60,Yes,No,Yes,Yes,No,No,Dinner,Full Bar,Average,Classy,No,Yes,Null,cocopazzochicago.com,(312) 836-0900
dsNOMy73KW_eP6ZtecZqCg,3 Greens Market,"354 W Hubbard St Chicago, IL 60654 Neighbourhood: River North, Near North Side",165,4.0,"Salad,
                    Coffee & Tea,
                    Burgers","354 W Hubbard StChicago, IL 60654",Mon 7:00 am - 8:00 pm Tue 7:00 am - 8:00 pm Wed 7:00 am - 8:00 pm Thu 7:00 am - 8:00 pm Fri 7:00 am - 8:00 pm Sat 8:00 am - 3:00 pm Sun 8:00 am - 3:00 pm ,Yes,Yes,Street,Casual,Yes,$11-30,No,Yes,Yes,No,Yes,Free,Lunch,Full Bar,Average,"Casual, Trendy",Yes,Yes,Yes,3greensmarket.com,(312) 888-9195
TxbSPkwNpy0HVXcq2sRirw,Da Lobsta,"416 N Clark St Chicago, IL 60654 Neighbourhood: River North, Near North Side",409,4.0,"Seafood,
                    Fast Food","416 N Clark StChicago, IL 60654",Mon 11:00 am - 9:00 pm Tue 11:00 am - 9:00 pm Wed 11:00 am - 9:00 pm Thu 11:00 am - 9:00 pm Fri 11:00 am - 9:00 pm Sat 11:00 am - 9:00 pm Sun 11:00 am - 9:00 pm ,Yes,Yes,Street,Casual,Yes,$11-30,No,Yes,Yes,No,Yes,Free,Lunch,Beer & Wine Only,Average,Casual,Yes,Yes,Null,dalobsta.com,(312) 955-0894
jGiKIJCVLZHXQDSNnSLPsw,Xoco,"449 N Clark St Chicago, IL 60654 Neighbourhood: Near North Side",3293,4.0,"Mexican,
                    Breakfast & Brunch,
                    Sandwiches","449 N Clark StChicago, IL 60654",Mon Closed Tue 8:00 am - 9:00 pm Wed 8:00 am - 9:00 pm Thu 8:00 am - 9:00 pm Fri 8:00 am - 10:00 pm Sat 8:00 am - 10:00 pm Sun Closed ,Yes,Yes,Street,Casual,No,$11-30,No,No,Yes,No,Yes,No,Lunch,Beer & Wine Only,Average,Casual,No,No,Yes,rickbayless.com,(312) 661-1434
fEKUE_hIzur3XoHAzGOcvg,Highline Bar + Lounge,"169 W Kinzie St Chicago, IL 60654 Neighbourhood: River North, Near North Side",141,4.0,"Bars,
                    American (Traditional),
                    Venues & Event Spaces","169 W Kinzie StChicago, IL 60654",Mon 11:00 am - 12:00 am Tue 11:00 am - 2:00 am Wed 11:00 am - 2:00 am Thu 11:00 am - 2:00 am Fri 11:00 am - 2:00 am Sat 11:00 am - 3:00 am Sun 11:00 am - 5:00 pm ,No,Yes,Street,Casual,Yes,$11-30,Yes,No,Yes,Yes,No,Free,"Brunch, Lunch",Full Bar,Average,Casual,Yes,Yes,Yes,highlinebarchicago.com,(312) 533-2742
c1J0cIfrq8zC-zovH5AJRQ,sweetgreen,"623 N State St Chicago, IL 60654 Neighbourhood: Near North Side",169,4.5,"Salad,
                    Vegetarian","623 N State StChicago, IL 60654",Mon 10:30 am - 10:00 pm Tue 10:30 am - 10:00 pm Wed 10:30 am - 10:00 pm Thu 10:30 am - 10:00 pm Fri 10:30 am - 10:00 pm Sat 10:30 am - 10:00 pm Sun 10:30 am - 10:00 pm ,Yes,Yes,Street,Casual,No,$11-30,No,No,Yes,No,No,No,Lunch,No,Average,"Casual, Trendy",No,No,Null,sweetgreen.com,(312) 374-8173
E974TODU6F-HCzUS02nXiQ,Tortoise Supper Club,"350 N State St Chicago, IL 60654 Neighbourhood: Near North Side",381,4.0,"Supper Clubs,
                    Seafood,
                    Steakhouses","350 N State StChicago, IL 60654",Mon 11:30 am - 9:30 pm Tue 11:30 am - 9:30 pm Wed 11:30 am - 9:30 pm Thu 11:30 am - 9:30 pm Fri 11:30 am - 10:30 pm Sat 5:00 pm - 10:30 pm Sun 5:00 pm - 9:00 pm ,No,Yes,Valet,Dressy,Yes,$31-60,Yes,No,Yes,Null,Yes,Free,Dinner,Full Bar,Average,Classy,Yes,Yes,Null,tortoisesupperclub.com,(312) 755-1700
Rx7Ig5gBISFtGHrviH0cFg,Hutch American Cafe River North,"416 W Ontario St Chicago, IL 60654 Neighbourhood: River North, Near North Side",110,3.5,"Breakfast & Brunch,
                    American (Traditional)","416 W Ontario StChicago, IL 60654",Mon 8:00 am - 7:00 pm Tue 8:00 am - 7:00 pm Wed 8:00 am - 7:00 pm Thu 8:00 am - 7:00 pm Fri 8:00 am - 7:00 pm Sat 8:00 am - 3:00 pm Sun 8:00 am - 3:00 pm ,Yes,Yes,Street,Casual,Yes,$11-30,No,Yes,Yes,Yes,No,Free,"Brunch, Lunch",Full Bar,Average,Casual,Yes,No,Null,hutchamericancafe.com,(312) 300-4195
qizzFBua15kSbWB48T8XGg,Public House,"400 N State St Chicago, IL 60654 Neighbourhood: Near North Side",858,3.5,"American (New),
                    Sports Bars,
                    Beer Bar","400 N State StChicago, IL 60654",Mon 11:30 am - 2:00 am Tue 11:30 am - 2:00 am Wed 11:30 am - 2:00 am Thu 11:30 am - 2:00 am Fri 11:30 am - 2:00 am Sat 10:00 am - 3:00 am Sun 10:00 am - 2:00 am ,No,Yes,"Valet, Street",Casual,Yes,$11-30,Yes,Yes,Yes,Null,Yes,Free,Dinner,Full Bar,Very Loud,Trendy,Yes,Yes,Null,publichousechicago.com,(312) 265-1240
Rx7Ig5gBISFtGHrviH0cFg,Hutch American Cafe River North,"416 W Ontario St Chicago, IL 60654 Neighbourhood: River North, Near North Side",110,3.5,"Breakfast & Brunch,
                    American (Traditional)","416 W Ontario StChicago, IL 60654",Mon 8:00 am - 7:00 pm Tue 8:00 am - 7:00 pm Wed 8:00 am - 7:00 pm Thu 8:00 am - 7:00 pm Fri 8:00 am - 7:00 pm Sat 8:00 am - 3:00 pm Sun 8:00 am - 3:00 pm ,Yes,Yes,Street,Casual,Yes,$11-30,No,Yes,Yes,Yes,No,Free,"Brunch, Lunch",Full Bar,Average,Casual,Yes,No,Null,hutchamericancafe.com,(312) 300-4195
_FBHkdADghdd6r6pX5LL-Q,Griddle 24,"334 W Chicago Ave Chicago, IL 60654 Neighbourhood: Near North Side",95,4.0,"Diners,
                    Breakfast & Brunch,
                    Fast Food","334 W Chicago AveChicago, IL 60654",Mon Open 24 hours Tue Open 24 hours Wed Open 24 hours Thu Open 24 hours Fri Open 24 hours Sat Open 24 hours Sun Open 24 hours ,Yes,Yes,Street,Casual,Yes,$11-30,No,No,Yes,Yes,No,No,"Breakfast, Brunch, Lunch, Dinner, Late Night, Dessert",Beer & Wine Only,Average,Casual,Yes,No,Yes,griddle24.com,(312) 943-2424
8vFJH_paXsMocmEO_KAa3w,Lou Malnati’s Pizzeria,"439 N Wells St Chicago, IL 60654 Neighbourhood: River North, Near North Side",4308,4.0,"Pizza,
                    Italian,
                    Sandwiches","439 N Wells StChicago, IL 60654",Mon 11:00 am - 11:00 pm Tue 11:00 am - 11:00 pm Wed 11:00 am - 11:00 pm Thu 11:00 am - 11:00 pm Fri 11:00 am - 12:00 am Sat 11:00 am - 12:00 am Sun 11:00 am - 11:00 pm ,Yes,Yes,Street,Casual,Yes,$11-30,No,Yes,Yes,Null,Yes,Free,"Lunch, Dinner",Full Bar,Average,Casual,Yes,Yes,Null,loumalnatis.com/chicago-river…,(312) 828-9800
efjE9fu4FvY-mPyC8k6qhQ,Foundation Room,"329 N Dearborn St House of Blues Restaurant & Bar Chicago, IL 60654 Neighbourhood: Near North Side",26,4.0,"American (New),
                    Lounges,
                    Music Venues","329 N Dearborn StChicago, IL 60654",Mon Closed Tue 5:00 pm - 12:30 am Wed 5:00 pm - 12:30 am Thu 5:00 pm - 12:30 am Fri 5:00 pm - 1:30 am Sat 6:00 pm - 1:30 am Sun Closed ,No,Yes,Valet,Dressy,Yes,$11-30,Yes,No,No,Null,No,No,"Late Night, Dessert",Full Bar,Loud,"Trendy, Classy",Yes,Yes,Null,houseofblues.com,(312) 923-7060
hca2uWTIspeoW9r3FHZ1hA,Bijan’s Bistro,"663 N State St Chicago, IL 60654 Neighbourhood: Near North Side",496,3.5,"American (Traditional),
                    Bars","663 N State StChicago, IL 60654",Mon 10:00 am - 4:00 am Tue 10:00 am - 4:00 am Wed 10:00 am - 4:00 am Thu 10:00 am - 4:00 am Fri 10:00 am - 4:00 am Sat 10:00 am - 5:00 am Sun 10:00 am - 4:00 am ,No,Yes,"Valet, Street",Casual,Yes,$11-30,Yes,No,Yes,Null,Yes,Free,Late Night,Full Bar,Average,Null,Yes,Yes,Null,bijansbistrochicago.com,(312) 202-1904
HmZPTPbozz_IeCxWhVpy_w,SPiN,"344 N State St Chicago, IL 60654 Neighbourhood: Near North Side",104,4.0,"Social Clubs,
                    American (New),
                    Sports Clubs","344 N State StChicago, IL 60654",Mon 4:00 pm - 12:00 am Tue 4:00 pm - 12:00 am Wed 4:00 pm - 12:00 am Thu 4:00 pm - 1:00 am Fri 12:00 pm - 2:00 am Sat 12:00 pm - 2:00 am Sun 12:00 pm - 10:00 pm ,No,Yes,Null,Casual,Yes,$11-30,Yes,No,Yes,Yes,Yes,Free,Dinner,Full Bar,Average,"Casual, Trendy",Yes,No,Yes,chicago.wearespin.com,(773) 635-9999
qizzFBua15kSbWB48T8XGg,Public House,"400 N State St Chicago, IL 60654 Neighbourhood: Near North Side",858,3.5,"American (New),
                    Sports Bars,
                    Beer Bar","400 N State StChicago, IL 60654",Mon 11:30 am - 2:00 am Tue 11:30 am - 2:00 am Wed 11:30 am - 2:00 am Thu 11:30 am - 2:00 am Fri 11:30 am - 2:00 am Sat 10:00 am - 3:00 am Sun 10:00 am - 2:00 am ,No,Yes,"Valet, Street",Casual,Yes,$11-30,Yes,Yes,Yes,Null,Yes,Free,Dinner,Full Bar,Very Loud,Trendy,Yes,Yes,Null,publichousechicago.com,(312) 265-1240
tCNzwYegioNBeUIj3Fe3IA,Cantina Laredo,"508 N State St Chicago, IL 60654 Neighbourhood: Near North Side",1202,3.5,Mexican,"508 N State StChicago, IL 60654",Mon 11:30 am - 10:00 pm Tue 11:30 am - 10:00 pm Wed 11:30 am - 10:00 pm Thu 11:30 am - 10:00 pm Fri 11:30 am - 11:00 pm Sat 11:30 am - 11:00 pm Sun 11:30 am - 10:00 pm ,Yes,Yes,Null,Casual,Yes,$11-30,Yes,No,Yes,Yes,Yes,No,Dinner,Full Bar,Average,Trendy,Yes,Yes,Null,cantinalaredo.com,(312) 955-0014
KzZFCaXVo68eRa08nvW97Q,Bassment,"353 W Hubbard St Lower Level Chicago, IL 60654 Neighbourhood: River North, Near North Side",89,3.5,"American (New),
                    Cocktail Bars,
                    Music Venues","353 W Hubbard StChicago, IL 60654",Mon Closed Tue Closed Wed 8:00 pm - 2:00 am Thu 8:00 pm - 2:00 am Fri 8:00 pm - 2:00 am Sat 8:00 pm - 3:00 am Sun Closed ,No,Yes,"Valet, Street",Casual,Yes,$31-60,Yes,No,No,Yes,No,Free,Late Night,Full Bar,Loud,"Trendy, Intimate",No,No,Yes,thebassmentchicago.com,(312) 386-5778
2kNaY86bIQqj1OwNXHwD5A,Chicago Raw,"51 W Huron St Chicago, IL 60654 Neighbourhood: Near North Side",134,4.5,"Vegan,
                    Vegetarian,
                    Live/Raw Food","51 W Huron StChicago, IL 60654",Mon 7:00 am - 9:00 pm Tue 7:00 am - 9:00 pm Wed 7:00 am - 9:00 pm Thu 7:00 am - 9:00 pm Fri 7:00 am - 9:00 pm Sat 7:00 am - 9:00 pm Sun 7:00 am - 9:00 pm ,Yes,Yes,Street,Casual,No,$11-30,No,No,Yes,Null,No,Free,"Breakfast, Lunch, Dinner, Dessert",No,Quiet,Null,No,No,Null,chicagorawfood.com,(312) 664-2729
NfigrGVZr3-LLZnyGlM3nQ,Joy District,"112 Hubbard St Chicago, IL 60654 Neighbourhood: River North, Near North Side",196,3.0,"Dance Clubs,
                    Bars,
                    American (New)","112 Hubbard StChicago, IL 60654",Mon 3:00 pm - 2:00 am Tue 3:00 pm - 2:00 am Wed 3:00 pm - 2:00 am Thu 3:00 pm - 2:00 am Fri 3:00 pm - 2:00 am Sat 11:00 am - 3:00 am Sun 11:00 am - 10:00 pm ,No,Yes,"Valet, Street",Dressy,Yes,$11-30,Yes,No,No,Yes,Yes,Free,Dinner,Full Bar,Loud,Null,No,No,Yes,joychicago.com,(312) 955-0339
WsU46rtQDsc9tZUWroD4TA,Al’s Beef,"169 W Ontario St Chicago, IL 60654 Neighbourhood: River North, Near North Side",534,3.5,"Italian,
                    Hot Dogs,
                    Sandwiches","169 W Ontario StChicago, IL 60654",Mon 10:00 am - 12:00 am Tue 10:00 am - 12:00 am Wed 10:00 am - 12:00 am Thu 10:00 am - 12:00 am Fri 10:00 am - 3:00 am Sat 10:00 am - 3:00 am Sun 11:00 am - 9:00 pm ,Yes,Yes,"Street, Private Lot",Casual,Yes,Under $10,No,Yes,Yes,Null,Yes,Free,Lunch,No,Average,Casual,No,Yes,Null,alsbeef.com,(312) 943-3222
2lfTEF7zALaPLx4qQwVXFw,Bub City,"435 N Clark St Chicago, IL 60654 Neighbourhood: Near North Side",858,3.5,"Barbeque,
                    Breakfast & Brunch,
                    Bars","435 N Clark StChicago, IL 60654",Mon 11:00 am - 2:00 am Tue 11:00 am - 2:00 am Wed 11:00 am - 2:00 am Thu 11:00 am - 2:00 am Fri 11:00 am - 2:00 am Sat 10:00 am - 3:00 am Sun 10:00 am - 12:00 am ,No,Yes,"Valet, Street",Casual,Yes,$11-30,Yes,Yes,Yes,Null,Yes,Free,Dinner,Full Bar,Loud,Casual,Yes,Yes,Null,bubcityrosemont.com,(312) 610-4200
p_zaEFg7Hoq-eLPDO1ooIA,Bistro Voltaire,"226 W Chicago Ave Chicago, IL 60654 Neighbourhood: Near North Side",234,4.0,French,"226 W Chicago AveChicago, IL 60654",Mon 5:00 pm - 10:00 pm Tue 5:00 pm - 10:00 pm Wed 5:00 pm - 10:00 pm Thu 5:00 pm - 10:00 pm Fri 5:00 pm - 10:00 pm Sat 5:00 pm - 10:00 pm Sun Closed ,No,Yes,Null,Casual,Yes,$31-60,Yes,No,Yes,Null,No,No,Null,Full Bar,Average,Intimate,No,No,Null,bistrovoltaire.com,(312) 265-0911
5SLlXjQRWnLCaRAJtX5uhA,Enolo Wine Cafe,"450 N Clark St Chicago, IL 60654 Neighbourhood: River North, Near North Side",214,4.0,"Wine Bars,
                    Tapas/Small Plates,
                    Cafes","450 N Clark StChicago, IL 60654",Mon 4:00 pm - 11:00 pm Tue 4:00 pm - 11:00 pm Wed 4:00 pm - 11:00 pm Thu 4:00 pm - 12:00 am Fri 4:00 pm - 12:00 am Sat 2:00 pm - 12:00 am Sun 2:00 pm - 11:00 pm ,No,Yes,"Valet, Street",Casual,Yes,$11-30,Yes,Yes,Yes,Yes,Yes,Free,Dinner,Full Bar,Average,Trendy,Yes,Yes,Yes,enolowinecafe.com,(312) 477-7674
kvaot4Avs_7NKJN3RDuCIw,Reverie,"414 N Orleans St Chicago, IL 60654 Neighbourhood: River North, Near North Side",137,3.0,"American (Traditional),
                    Sports Bars","414 N Orleans StChicago, IL 60654",Mon Closed Tue Closed Wed Closed Thu 9:00 pm - 2:00 am Fri 3:00 pm - 1:00 am Sat 9:00 pm - 3:00 am Sun Closed ,No,Yes,Valet,Casual,Yes,$11-30,Yes,No,Yes,Yes,No,Free,Dinner,Full Bar,Average,"Casual, Trendy",Yes,Yes,Yes,reveriechicago.com,(312) 467-4141
cVULFhP_qRHskfIWNysR_w,Meli Cafe,"540 N Wells St Chicago, IL 60654 Neighbourhood: River North, Near North Side",621,3.5,"Breakfast & Brunch,
                    Juice Bars & Smoothies,
                    American (Traditional)","540 N Wells StChicago, IL 60654",Mon 7:00 am - 3:00 pm Tue 7:00 am - 3:00 pm Wed 7:00 am - 3:00 pm Thu 7:00 am - 3:00 pm Fri 7:00 am - 3:00 pm Sat 7:00 am - 3:00 pm Sun 7:00 am - 3:00 pm ,Yes,Yes,Street,Casual,Yes,$11-30,No,No,Yes,Yes,No,No,"Breakfast, Brunch",No,Average,Casual,No,No,Yes,melicafe.com,(312) 527-1850
T_MM86UUHinTFVWzzboBgQ,NYC Bagel Deli,"515 N Dearborn St Chicago, IL 60654 Neighbourhood: Near North Side",278,4.0,"Bagels,
                    Delis,
                    Breakfast & Brunch","515 N Dearborn StChicago, IL 60654",Mon 6:00 am - 6:00 pm Tue 6:00 am - 6:00 pm Wed 6:00 am - 6:00 pm Thu 6:00 am - 6:00 pm Fri 6:00 am - 6:00 pm Sat 6:00 am - 6:00 pm Sun 6:00 am - 3:00 pm ,Yes,Yes,Street,Casual,No,Under $10,No,Yes,Yes,Null,No,Free,"Breakfast, Lunch",No,Average,Casual,Yes,Yes,Null,nycbd.com,(312) 923-9999
s7iq5dP-iLdivNGKr2wTJA,Naha,"500 N Clark St Chicago, IL 60654 Neighbourhood: River North, Near North Side",673,3.5,American (New),"500 N Clark StChicago, IL 60654",Mon 11:30 am - 2:00 pm5:30 pm - 9:30 pm Tue 11:30 am - 2:00 pm5:30 pm - 9:30 pm Wed 11:30 am - 2:00 pm5:30 pm - 9:30 pm Thu 11:30 am - 2:00 pm5:30 pm - 9:30 pm Fri 11:30 am - 2:00 pm5:30 pm - 10:00 pm Sat 5:30 pm - 10:00 pm Sun Closed ,No,Yes,Valet,Dressy,Yes,$31-60,Yes,No,No,Yes,No,No,Dinner,Full Bar,Average,Upscale,No,No,Yes,naha-chicago.com,(312) 321-6242
7vVln607E3H4sM39AkDmjw,Cocoro Japanese,"668 N Wells St Chicago, IL 60654 Neighbourhood: River North, Near North Side",247,3.5,"Japanese,
                    Sushi Bars,
                    Soup","668 N Wells StChicago, IL 60654",Mon 11:30 am - 2:00 pm5:30 pm - 10:00 pm Tue 11:30 am - 2:00 pm5:30 pm - 10:00 pm Wed 11:30 am - 2:00 pm5:30 pm - 10:00 pm Thu 11:30 am - 2:00 pm5:30 pm - 10:00 pm Fri 11:30 am - 2:00 pm5:30 pm - 10:00 pm Sat 5:30 pm - 10:00 pm Sun Closed ,Yes,Yes,Street,Casual,Yes,$11-30,Yes,Yes,Yes,Null,No,Free,Null,Full Bar,Average,Casual,No,No,Null,cocorosushi.squarespace.com,(312) 943-2220
XhF3spsK3srxfZ8mzLXFbA,The Flamingo Rum Club,"601 N Wells St Chicago, IL 60654 Neighbourhood: River North, Near North Side",87,3.0,"Cuban,
                    Bars,
                    Cabaret","601 N Wells StChicago, IL 60654",Mon Closed Tue Closed Wed 8:00 pm - 2:00 am Thu 8:00 pm - 2:00 am Fri 8:00 pm - 2:00 am Sat 8:00 pm - 3:30 am Sun Closed ,No,Yes,Null,Dressy,Yes,$11-30,Yes,No,No,Yes,No,Paid,Late Night,Full Bar,Very Loud,Null,No,No,Null,theflamingorumclub.com,(312) 929-0060
EXmkYu2dhGQjydFv23b-_A,Bottled Blonde Chicago,"504 N Wells St Chicago, IL 60654 Neighbourhood: River North, Near North Side",260,2.5,"Pizza,
                    Beer Gardens,
                    Cocktail Bars","504 N Wells StChicago, IL 60654",Mon 11:30 am - 2:00 am Tue 11:30 am - 2:00 am Wed 11:30 am - 2:00 am Thu 11:30 am - 2:00 am Fri 11:30 am - 2:00 am Sat 11:00 am - 3:00 am Sun 11:00 am - 12:00 am ,No,Yes,Street,Casual,Yes,$11-30,Yes,No,No,Yes,No,Free,Late Night,Full Bar,Loud,Casual,Yes,No,Yes,bottledblondechi.com,(312) 982-7640
iw6I57dVB_blHYdbamMTJw,Nacional 27,"325 W Huron St Chicago, IL 60654 Neighbourhood: River North, Near North Side",798,3.5,"Dance Clubs,
                    Cuban,
                    Steakhouses","325 W Huron StChicago, IL 60654",Mon 5:30 pm - 9:30 pm Tue 5:30 pm - 9:30 pm Wed 5:30 pm - 9:30 pm Thu 5:30 pm - 9:30 pm Fri 5:00 pm - 2:00 am Sat 5:00 pm - 3:00 am Sun Closed ,No,Yes,"Valet, Street",Dressy,Yes,$31-60,Yes,No,No,Null,Yes,No,Dinner,Full Bar,Loud,Trendy,No,Yes,Null,n27chicago.com,(312) 664-2727
k_9eji4mAhTkS01m8q4SSw,I|O Godfrey,"The Godfrey Hotel Chicago 127 W Huron At Lasalle Chicago, IL 60654 Neighbourhood: River North, Near North Side",399,3.5,"Cocktail Bars,
                    Lounges,
                    Breakfast & Brunch","127 W Huron At LasalleChicago, IL 60654",Mon 7:00 am - 2:00 am Tue 7:00 am - 2:00 am Wed 7:00 am - 2:00 am Thu 7:00 am - 2:00 am Fri 7:00 am - 2:00 am Sat 7:00 am - 3:00 am Sun 7:00 am - 2:00 am ,Null,Yes,Valet,Null,Yes,$31-60,Yes,Null,Null,Null,Yes,Free,Null,Full Bar,Average,"Trendy, Classy",Yes,Null,Yes,iogodfrey.com,(312) 374-1830
E81IZcBYpg6ThIf7gIyedA,Pizzeria Via Stato,"620 N State St Chicago, IL 60654 Neighbourhood: Near North Side",137,3.5,"Pizza,
                    Italian,
                    Sports Bars","620 N State StChicago, IL 60654",Mon 11:00 am - 11:00 pm Tue 11:00 am - 11:00 pm Wed 11:00 am - 11:00 pm Thu 11:00 am - 11:00 pm Fri 11:00 am - 12:00 am Sat 11:00 am - 12:00 am Sun 11:00 am - 9:30 pm ,Yes,Yes,Valet,Casual,Yes,$11-30,Yes,Yes,Yes,Null,Yes,Free,Null,Full Bar,Average,Casual,Yes,Yes,Null,osteriaviastato.com/pizzeria,(312) 642-8450
WsU46rtQDsc9tZUWroD4TA,Al’s Beef,"169 W Ontario St Chicago, IL 60654 Neighbourhood: River North, Near North Side",534,3.5,"Italian,
                    Hot Dogs,
                    Sandwiches","169 W Ontario StChicago, IL 60654",Mon 10:00 am - 12:00 am Tue 10:00 am - 12:00 am Wed 10:00 am - 12:00 am Thu 10:00 am - 12:00 am Fri 10:00 am - 3:00 am Sat 10:00 am - 3:00 am Sun 11:00 am - 9:00 pm ,Yes,Yes,"Street, Private Lot",Casual,Yes,Under $10,No,Yes,Yes,Null,Yes,Free,Lunch,No,Average,Casual,No,Yes,Null,alsbeef.com,(312) 943-3222
I2ke2-jIbXLkMFoxCGMIPA,El Hefe,"15 W Hubbard St Chicago, IL 60654 Neighbourhood: Near North Side",495,3.0,"Mexican,
                    Dance Clubs,
                    Sports Bars","15 W Hubbard StChicago, IL 60654",Mon 11:00 am - 2:00 am Tue 11:00 am - 2:00 am Wed 11:00 am - 2:00 am Thu 11:00 am - 2:00 am Fri 11:00 am - 2:00 am Sat 10:00 am - 3:00 am Sun 10:00 am - 2:00 am ,No,Yes,"Valet, Street",Casual,Yes,$11-30,Yes,No,Yes,Null,Yes,Free,Dinner,Full Bar,Loud,Trendy,Yes,No,Null,elhefe.com/chicago,(312) 548-6841
vwjgTD_eSgkkwjKYRBBKBQ,Celeste,"111 W Hubbard St Chicago, IL 60654 Neighbourhood: River North, Near North Side",330,3.5,"Cocktail Bars,
                    American (New),
                    Venues & Event Spaces","111 W Hubbard StChicago, IL 60654",Mon Closed Tue 5:00 pm - 4:00 am Wed 5:00 pm - 4:00 am Thu 5:00 pm - 4:00 am Fri 5:00 pm - 4:00 am Sat 5:00 pm - 5:00 am Sun Closed ,No,Yes,Null,Dressy,Yes,$11-30,Yes,No,No,Yes,Yes,Free,"Dinner, Late Night",Full Bar,Average,Classy,No,Yes,Yes,celestechicago.com,(312) 828-9000
IACTngt-bZGrhzflliIx7w,Yolk River North,"747 N Wells Chicago, IL 60654 Neighbourhood: River North, Near North Side",1096,4.0,"Breakfast & Brunch,
                    American (New),
                    Burgers","747 N WellsChicago, IL 60654",Mon 6:00 am - 3:00 pm Tue 6:00 am - 3:00 pm Wed 6:00 am - 3:00 pm Thu 6:00 am - 3:00 pm Fri 6:00 am - 3:00 pm Sat 7:00 am - 3:00 pm Sun 7:00 am - 3:00 pm ,Yes,Yes,Street,Casual,Yes,$11-30,No,No,Yes,Null,No,No,"Breakfast, Brunch",No,Average,Casual,No,Yes,Null,eatyolk.com,(312) 787-2277
pj2i7GnZV4Nm2zeZk3FBLw,Dicks Last Resort,"315 N Dearborn St Chicago, IL 60654 Neighbourhood: Near North Side",301,2.5,"Bars,
                    American (Traditional),
                    Seafood","315 N Dearborn StChicago, IL 60654",Mon 11:00 am - 1:00 am Tue 11:00 am - 1:00 am Wed 11:00 am - 1:00 am Thu 11:00 am - 1:00 am Fri 11:00 am - 1:00 am Sat 11:00 am - 1:00 am Sun 11:00 am - 1:00 am ,No,Yes,Null,Casual,Yes,$11-30,Yes,No,Yes,Null,Yes,No,Dinner,Full Bar,Loud,Touristy,Yes,No,Null,dickslastresort.com,(312) 836-7870
QSefAqftl1Hcseli2wcAAw,Gino’s East - River North,"500 N LaSalle St Chicago, IL 60654 Neighbourhood: River North, Near North Side",355,3.5,"Pizza,
                    Salad,
                    Soup","500 N LaSalle StChicago, IL 60654",Mon 11:00 am - 10:00 pm Tue 11:00 am - 10:00 pm Wed 11:00 am - 10:00 pm Thu 11:00 am - 10:00 pm Fri 11:00 am - 11:00 pm Sat 11:00 am - 11:00 pm Sun 12:00 pm - 10:00 pm ,Yes,Yes,Street,Casual,Yes,$11-30,Yes,Yes,Yes,Yes,No,Free,"Lunch, Dinner",Full Bar,Average,Casual,Yes,Yes,Yes,ginoseast.com,(312) 988-4200
KGMxtvX0191P1teCk1Yt6w,Untitled Supper Club,"111 W Kinzie St Chicago, IL 60654 Neighbourhood: River North, Near North Side",865,3.5,"American (Traditional),
                    Lounges,
                    American (New)","111 W Kinzie StChicago, IL 60654",Mon 4:30 pm - 12:00 am Tue 4:30 pm - 1:00 am Wed 4:30 pm - 1:00 am Thu 4:30 pm - 2:00 am Fri 4:30 pm - 2:00 am Sat 4:30 pm - 3:00 am Sun Closed ,No,Yes,"Valet, Garage, Street",Dressy,Yes,$31-60,Yes,No,No,Null,No,Free,"Dinner, Late Night",Full Bar,Loud,Trendy,No,No,Null,untitledchicago.com,(312) 880-1511
UH881XoEcglrE1NR7dhr9w,Erie Cafe,"536 W Erie St Chicago, IL 60654 Neighbourhood: River North, Near North Side",279,3.5,"Steakhouses,
                    American (Traditional)","536 W Erie StChicago, IL 60654",Mon 11:00 am - 11:00 pm Tue 11:00 am - 11:00 pm Wed 11:00 am - 11:00 pm Thu 11:00 am - 11:00 pm Fri 11:00 am - 12:00 am Sat 11:00 am - 12:00 am Sun 11:00 am - 11:00 pm ,No,Yes,Valet,Casual,Yes,$31-60,Yes,No,Yes,Yes,Yes,No,Dinner,Full Bar,Average,Null,Yes,No,Null,eriecafe.com,(312) 266-2300
sUDWHJCEKd6GUjhMysoUYw,Yolk Marina City,"340 N State St Chicago, IL 60654 Neighbourhood: Near North Side",144,4.0,"Breakfast & Brunch,
                    Soup,
                    Burgers","340 N State StChicago, IL 60654",Mon 6:00 am - 3:00 pm Tue 6:00 am - 3:00 pm Wed 6:00 am - 3:00 pm Thu 6:00 am - 3:00 pm Fri 6:00 am - 3:00 pm Sat 7:00 am - 3:00 pm Sun 7:00 am - 3:00 pm ,Yes,Yes,Null,Casual,Yes,$11-30,Yes,No,Yes,Yes,Yes,Free,"Breakfast, Brunch, Lunch",No,Average,Casual,No,Yes,Null,eatyolk.com,(855) 328-9655
zvJx0BPvAGO3w5II1Tg0mw,Hi-Vibe Superfood Juicery,"160 W Kinzie St Chicago, IL 60654 Neighbourhood: River North, Near North Side",147,4.5,"Juice Bars & Smoothies,
                    Live/Raw Food,
                    Organic Stores","160 W Kinzie StChicago, IL 60654",Mon 6:30 am - 6:30 pm Tue 6:30 am - 6:30 pm Wed 6:30 am - 6:30 pm Thu 6:30 am - 6:30 pm Fri 6:30 am - 5:30 pm Sat 8:00 am - 4:00 pm Sun 8:00 am - 4:00 pm ,Yes,Yes,"Garage, Street",Casual,No,$11-30,No,Yes,Yes,No,No,No,"Breakfast, Lunch",No,Quiet,"Casual, Trendy",No,Yes,Yes,hi-vibe.com,(312) 724-8423
wI-mHhdWh8flIZgt46kpUw,The Artisan Cellar,"222 Merchandise Mart Plz Ste 116 Chicago, IL 60654 Neighbourhood: b/t Lower Orleans St & Orleans St",101,4.5,"Beer, Wine & Spirits,
                    Delis,
                    Coffee & Tea","222 Merchandise Mart PlzChicago, IL 60654",Mon 8:30 am - 6:00 pm Tue 8:30 am - 6:00 pm Wed 8:30 am - 6:00 pm Thu 8:30 am - 6:00 pm Fri 8:30 am - 6:00 pm Sat Closed Sun Closed ,No,Yes,Garage,Casual,No,Under $10,No,No,Yes,Null,Yes,Free,Null,Beer & Wine Only,Average,Null,No,Yes,Null,theartisancellarcatering.com,(312) 527-5810
ax-3aOMpoJD9jaoU75g96A,Protein Bar,"352 N Clark Chicago, IL 60654 Neighbourhood: River North, Near North Side",257,4.0,"Vegan,
                    American (New),
                    Gluten-Free","352 N ClarkChicago, IL 60654",Mon 7:00 am - 8:00 pm Tue 7:00 am - 8:00 pm Wed 7:00 am - 8:00 pm Thu 7:00 am - 8:00 pm Fri 8:00 am - 6:00 pm Sat 9:00 am - 6:00 pm Sun 9:00 am - 6:00 pm ,Yes,Yes,Street,Casual,Yes,$11-30,No,Yes,Yes,Null,Yes,Free,"Breakfast, Lunch",No,Average,Casual,Yes,No,Null,theproteinbar.com,(312) 527-0450
UBb8aCuF9_o4y3NOLysgcQ,Fat Baby Tacos,"109 W Hubbard St Chicago, IL 60654 Neighbourhood: River North, Near North Side",66,3.0,"Mexican,
                    Latin American","109 W Hubbard StChicago, IL 60654",Mon 11:00 am - 10:00 pm Tue 11:00 am - 10:00 pm Wed 11:00 am - 10:00 pm Thu 11:00 am - 5:00 am Fri 11:00 am - 5:00 am Sat 4:00 pm - 5:00 am Sun Closed ,Yes,Yes,Street,Casual,Yes,$11-30,No,Yes,Yes,Yes,Yes,Free,"Lunch, Dinner",Beer & Wine Only,Average,Casual,Yes,Null,Null,fatbabytacos.com,(312) 527-2229
I2ke2-jIbXLkMFoxCGMIPA,El Hefe,"15 W Hubbard St Chicago, IL 60654 Neighbourhood: Near North Side",495,3.0,"Mexican,
                    Dance Clubs,
                    Sports Bars","15 W Hubbard StChicago, IL 60654",Mon 11:00 am - 2:00 am Tue 11:00 am - 2:00 am Wed 11:00 am - 2:00 am Thu 11:00 am - 2:00 am Fri 11:00 am - 2:00 am Sat 10:00 am - 3:00 am Sun 10:00 am - 2:00 am ,No,Yes,"Valet, Street",Casual,Yes,$11-30,Yes,No,Yes,Null,Yes,Free,Dinner,Full Bar,Loud,Trendy,Yes,No,Null,elhefe.com/chicago,(312) 548-6841
Ys_t7qV1RrjYTlUlxyyWWQ,Mixed Greens,"308 W Erie St Chicago, IL 60654 Neighbourhood: River North, Near North Side",125,3.5,"Salad,
                    Pizza,
                    Sandwiches","308 W Erie StChicago, IL 60654",Mon 11:00 am - 8:00 pm Tue 11:00 am - 8:00 pm Wed 11:00 am - 8:00 pm Thu 11:00 am - 8:00 pm Fri 11:00 am - 8:00 pm Sat 11:00 am - 8:00 pm Sun Closed ,Yes,Yes,Street,Casual,Yes,$11-30,No,Yes,Yes,Null,Yes,Free,Lunch,No,Average,Casual,Yes,Yes,Null,saladjoint.com,(312) 888-3044
OOKlwuoJq9AjdExdnXj2fg,Pepper Canister,"509 N Wells St Chicago, IL 60654 Neighbourhood: River North, Near North Side",137,3.5,"Irish,
                    Pubs","509 N Wells StChicago, IL 60654",Mon 11:30 am - 2:00 am Tue 11:30 am - 2:00 am Wed 11:30 am - 2:00 am Thu 11:30 am - 2:00 am Fri 11:30 am - 2:00 am Sat 11:30 am - 3:00 am Sun 11:30 am - 12:00 am ,No,Yes,Street,Casual,Yes,$11-30,No,No,Yes,Null,Yes,Free,Dinner,Full Bar,Average,Casual,Yes,Yes,Null,thepeppercanister.com,(312) 467-3300
q-V_vVyY67zxUO-nnZQR9A,Left Coast Food,"717 N Wells St Chicago, IL 60654 Neighbourhood: River North, Near North Side",23,4.0,"Juice Bars & Smoothies,
                    Wraps,
                    Coffee & Tea","717 N Wells StChicago, IL 60654",Mon 7:00 am - 9:00 pm Tue 7:00 am - 9:00 pm Wed 7:00 am - 9:00 pm Thu 7:00 am - 9:00 pm Fri 7:00 am - 9:00 pm Sat 8:00 am - 9:00 pm Sun 8:00 am - 9:00 pm ,Yes,Yes,Street,Casual,Yes,$11-30,No,Yes,Yes,Yes,Yes,Free,"Lunch, Dinner",Null,Average,Null,No,Null,Null,leftcoastfood.com,(312) 877-5500
DDEoScKg2pKVlhIyl5B_uQ,Billy Goat Tavern Merchandise Mart,"222 W Merchandise Mart Plz Ste Fc-2 Chicago, IL 60654 Neighbourhood: b/t Orleans St & Lower Orleans St",23,3.5,"Pubs,
                    American (Traditional)","222 W Merchandise Mart PlzChicago, IL 60654",Mon 6:00 am - 5:00 pm Tue 6:00 am - 5:00 pm Wed 6:00 am - 5:00 pm Thu 6:00 am - 5:00 pm Fri 6:00 am - 5:00 pm Sat 7:00 am - 3:00 pm Sun Closed ,Yes,Yes,Null,Casual,Yes,Under $10,No,No,Yes,Null,No,No,Null,Full Bar,Loud,Null,No,No,Null,billygoattavern.com,(312) 464-1045
ZNNBQN7F_wvNVqcRVoeOjw,L.A. Burdick Handmade Chocolates,"609 N State St Chicago, IL 60654 Neighbourhood: Near North Side",43,4.5,"Desserts,
                    Cafes,
                    Chocolatiers & Shops","609 N State StChicago, IL 60654",Mon 8:00 am - 9:00 pm Tue 8:00 am - 9:00 pm Wed 8:00 am - 9:00 pm Thu 8:00 am - 9:00 pm Fri 8:00 am - 10:00 pm Sat 8:00 am - 10:00 pm Sun 8:00 am - 9:00 pm ,Yes,Yes,Null,Casual,Yes,$11-30,No,No,Yes,Null,No,Null,Dessert,No,Average,Casual,No,No,Yes,burdickchocolate.com/default.…,(312) 635-8975
C8qNzVPoa6XezobByO5ObQ,House of Blues Restaurant & Bar,"329 N Dearborn St Chicago, IL 60654 Neighbourhood: Near North Side",35,3.0,"American (New),
                    Burgers,
                    Barbeque","329 N Dearborn StChicago, IL 60654",Mon 11:30 am - 11:00 pm Tue 11:30 am - 11:00 pm Wed 11:30 am - 11:00 pm Thu 11:30 am - 11:00 pm Fri 11:30 am - 11:00 pm Sat 11:30 am - 11:00 pm Sun 4:00 pm - 11:00 pm ,No,Yes,Null,Casual,Yes,$11-30,Yes,No,Yes,Yes,No,Free,Null,Full Bar,Very Loud,"Casual, Touristy, Trendy",Yes,No,Yes,houseofblues.com/chicago/rest…,(312) 923-2000
bTnht8k4N6_ffwXzylcMAg,Brunch,"644 N Orleans St Chicago, IL 60654 Neighbourhood: River North, Near North Side",589,3.5,"Breakfast & Brunch,
                    Salad,
                    Coffee & Tea","644 N Orleans StChicago, IL 60654",Mon 7:00 am - 3:00 pm Tue 7:00 am - 3:00 pm Wed 7:00 am - 3:00 pm Thu 7:00 am - 3:00 pm Fri 7:00 am - 3:00 pm Sat 8:00 am - 4:00 pm Sun 8:00 am - 4:00 pm ,Yes,Yes,Street,Casual,Yes,$11-30,Yes,No,Yes,Null,No,Free,"Breakfast, Brunch",Full Bar,Average,Casual,Yes,Yes,Null,brunchit.com,(312) 265-1411
zuWwITlA0Nl6gNnpAljxIQ,Moe’s Cantina- River North,"155 W Kinzie St Chicago, IL 60654 Neighbourhood: River North, Near North Side",555,2.5,Mexican,"155 W Kinzie StChicago, IL 60654",Mon 11:00 am - 2:00 am Tue 11:00 am - 2:00 am Wed 11:00 am - 2:00 am Thu 11:00 am - 2:00 am Fri 11:00 am - 2:00 am Sat 11:00 am - 3:00 am Sun 11:00 am - 2:00 am ,No,Yes,Null,Casual,Yes,$11-30,Yes,No,Yes,Yes,Yes,No,Late Night,Full Bar,Loud,Trendy,Yes,No,Null,moescantina.com,(312) 245-2000
hqoBvny0zhTseHPbqgi1AA,Brett’s Kitchen,"233 W Superior St Chicago, IL 60654 Neighbourhood: River North, Near North Side",176,3.5,"Sandwiches,
                    Salad,
                    Breakfast & Brunch","233 W Superior StChicago, IL 60654",Mon 6:00 am - 4:00 pm Tue 6:00 am - 4:00 pm Wed 6:00 am - 4:00 pm Thu 6:00 am - 4:00 pm Fri 6:00 am - 4:00 pm Sat 8:00 am - 4:00 pm Sun Closed ,Yes,Yes,Street,Casual,No,Under $10,No,Yes,Yes,No,No,No,Lunch,No,Average,Casual,No,No,No,brettskitchen.com,(312) 664-6354
1PwxbmMlCRH0RAIeRCaQeQ,The Boss Bar,"420 N Clark St Chicago, IL 60654 Neighbourhood: River North, Near North Side",252,2.5,"Bars,
                    American (Traditional)","420 N Clark StChicago, IL 60654",Mon 2:00 pm - 4:00 am Tue 11:00 am - 4:00 am Wed 11:00 am - 4:00 am Thu 11:00 am - 4:00 am Fri 11:00 am - 4:00 am Sat 11:00 am - 5:00 pm Sun 2:00 pm - 4:00 am ,No,Yes,Street,Casual,Yes,$11-30,No,Yes,No,Null,No,Free,Late Night,Full Bar,Average,Null,Yes,No,Null,thebossbar.com,(312) 527-1203
b3o4BsYln2AM9PJb9vErnA,Protein Bar,"222 W Merchandise Mart Plz Fl 2 Chicago, IL 60654 Neighbourhood: b/t Orleans St & Lower Orleans St",45,3.5,"American (New),
                    Vegan,
                    Gluten-Free","222 W Merchandise Mart PlzChicago, IL 60654",Mon 7:00 am - 6:00 pm Tue 7:00 am - 6:00 pm Wed 7:00 am - 6:00 pm Thu 7:00 am - 6:00 pm Fri 7:00 am - 4:00 pm Sat Closed Sun Closed ,Yes,Yes,Garage,Casual,No,$11-30,No,No,Yes,Null,No,Free,Null,No,Loud,Casual,Yes,Yes,Null,theproteinbar.com,(312) 265-1185
Ijl3PaNFTCdOCWSEifP5ig,Hannah’s Bretzel,"400 N La Salle St Chicago, IL 60654 Neighbourhood: River North, Near North Side",139,3.5,"Sandwiches,
                    American (New)","400 N La Salle StChicago, IL 60654",Mon 7:00 am - 7:00 pm Tue 7:00 am - 7:00 pm Wed 7:00 am - 7:00 pm Thu 7:00 am - 7:00 pm Fri 7:00 am - 7:00 pm Sat 9:00 am - 4:00 pm Sun 9:00 am - 4:00 pm ,Yes,Yes,Street,Casual,Yes,$11-30,No,Yes,Yes,Null,Yes,Free,Lunch,No,Average,Casual,No,Yes,Null,hannahsbretzel.com,(312) 621-1111
Y8qszfLuUtmGWoYgKU8cFA,Galleria Market,"340 W Superior St Chicago, IL 60654 Neighbourhood: River North, Near North Side",109,3.0,"Beer, Wine & Spirits,
                    Grocery,
                    Delis","340 W Superior StChicago, IL 60654",Mon 7:00 am - 11:00 pm Tue 7:00 am - 11:00 pm Wed 7:00 am - 11:00 pm Thu 7:00 am - 11:00 pm Fri 7:00 am - 12:00 am Sat 8:00 am - 12:00 am Sun 9:00 am - 10:00 pm ,Yes,Yes,Street,Casual,No,$11-30,No,Null,Null,Null,Null,Null,Null,Null,Null,Null,Null,Null,Null,galleriamarketchicago.com,(312) 337-9300
FcbnTsb-WKcdyBh1FF6UcQ,Leghorn Café,"600 N Lasalle St Chicago, IL 60654 Neighbourhood: River North, Near North Side",118,3.5,"Fast Food,
                    Breakfast & Brunch,
                    Sandwiches","600 N Lasalle StChicago, IL 60654",Mon 7:00 am - 3:00 pm Tue 7:00 am - 3:00 pm Wed 7:00 am - 3:00 pm Thu 7:00 am - 3:00 pm Fri 7:00 am - 3:00 pm Sat 7:00 am - 3:00 pm Sun 7:00 am - 3:00 pm ,Yes,Yes,"Street, Private Lot",Casual,No,$11-30,No,Yes,Yes,No,No,Free,Lunch,No,Average,Casual,No,Yes,Yes,leghornchicken.com,(312) 944-4444
VCaLq5NVMcIsA4R7lfttnQ,Au Bon Pain,"222 Merchandise Mart Fl 1 Chicago, IL 60654 Neighbourhood: b/t Orleans St & Lower Orleans St",36,3.0,"Bakeries,
                    Sandwiches","222 Merchandise MartChicago, IL 60654",Mon 6:00 am - 6:00 pm Tue 6:00 am - 6:00 pm Wed 6:00 am - 6:00 pm Thu 6:00 am - 6:00 pm Fri 6:00 am - 6:00 pm Sat 8:00 am - 3:00 pm Sun Closed ,Yes,Yes,Null,Casual,Yes,Under $10,No,No,Yes,No,Yes,Null,Lunch,No,Average,Casual,No,Yes,Null,aubonpain.com,(312) 755-9779
5sRK-bSG1-Veqb-66TUdnQ,Silom 12 Thai Express,"222 Merchandise Mart Plz Fl 2 Chicago, IL 60654 Neighbourhood: b/t Orleans St & Lower Orleans St",20,2.0,Thai,"222 Merchandise Mart PlzChicago, IL 60654",Mon 8:00 am - 5:00 pm Tue 8:00 am - 5:00 pm Wed 8:00 am - 5:00 pm Thu 8:00 am - 5:00 pm Fri 8:00 am - 5:00 pm Sat 9:00 am - 1:00 pm Sun Closed ,No,Yes,Null,Casual,No,Under $10,No,No,Null,Null,No,No,Lunch,No,Loud,Null,No,Null,Null,silom12express.com,(312) 595-9188
otD7EG-oZghxCgHZfZmuJA,Potbelly Sandwich Shop,"222 Merchandise Mart Plz Fl 1 Chicago, IL 60654 Neighbourhood: b/t Orleans St & Lower Orleans St",48,3.5,"Sandwiches,
                    Fast Food,
                    Soup","222 Merchandise Mart PlzChicago, IL 60654",Mon 6:30 am - 7:00 pm Tue 6:30 am - 7:00 pm Wed 6:30 am - 7:00 pm Thu 6:30 am - 7:00 pm Fri 6:30 am - 7:00 pm Sat 11:00 am - 4:00 pm Sun Closed ,Yes,Yes,Null,Casual,Yes,Under $10,No,Yes,Yes,Null,No,Free,Null,No,Average,Casual,No,Yes,Null,potbelly.com,(312) 836-1007
